{"loss": [31.48958396911621, 27.73851203918457, 27.39638328552246, 26.985870361328125, 26.70462989807129, 26.526147842407227, 26.48860740661621, 26.299104690551758, 26.21134376525879, 26.18518829345703, 26.285978317260742, 26.097877502441406, 26.062013626098633, 26.034242630004883, 26.087568283081055, 26.078712463378906, 26.061120986938477, 26.016855239868164, 26.033815383911133, 26.053674697875977], "val_loss": [29.26816177368164, 27.71466827392578, 27.403404235839844, 26.982606887817383, 26.974815368652344, 26.87915802001953, 26.770326614379883, 26.530574798583984, 26.53485870361328, 27.044830322265625, 26.442642211914062, 26.410497665405273, 26.45469093322754, 26.579917907714844, 26.31414031982422, 26.50937271118164, 26.51983070373535, 26.39263916015625, 26.35128402709961, 26.33516502380371], "learning_rate": [0.0010000000474974513, 0.0010000000474974513, 0.0010000000474974513, 0.0010000000474974513, 0.0010000000474974513, 0.0010000000474974513, 0.0010000000474974513, 0.0010000000474974513, 0.0010000000474974513, 0.0010000000474974513, 0.00010000000474974513, 0.00010000000474974513, 0.00010000000474974513, 0.00010000000474974513, 1.0000000656873453e-05, 1.0000000656873453e-05, 1.0000000656873453e-05, 1.0000001111620804e-06, 1.0000001111620804e-06, 1.000000082740371e-07]}