{"loss": [71.33998107910156, 51.867855072021484, 42.80574417114258, 31.997018814086914, 29.51117706298828, 25.4785099029541, 23.520057678222656, 23.83338165283203, 19.04063606262207, 18.056095123291016, 17.280954360961914, 15.486214637756348, 15.16199779510498, 14.718421936035156, 14.810574531555176, 14.655980110168457, 15.597270965576172, 14.480704307556152, 14.879246711730957, 15.37112045288086, 15.127296447753906, 15.735721588134766, 15.100651741027832, 15.033764839172363, 14.9374361038208, 15.513968467712402, 14.998184204101562, 15.031634330749512], "val_loss": [96.47100830078125, 90.79962158203125, 81.79244995117188, 51.7344970703125, 33.14956283569336, 22.877159118652344, 22.45673370361328, 19.229446411132812, 21.353958129882812, 19.395904541015625, 14.201092720031738, 12.843256950378418, 14.163457870483398, 13.179824829101562, 12.597487449645996, 12.754192352294922, 12.02681827545166, 12.905158996582031, 10.92646312713623, 11.937017440795898, 11.819625854492188, 12.685049057006836, 8.624556541442871, 11.142112731933594, 11.081543922424316, 10.459991455078125, 11.823509216308594, 12.709465026855469], "learning_rate": [0.0010000000474974513, 0.0010000000474974513, 0.0010000000474974513, 0.0010000000474974513, 0.0010000000474974513, 0.0010000000474974513, 0.0010000000474974513, 0.0010000000474974513, 0.0010000000474974513, 0.0010000000474974513, 0.00010000000474974513, 0.00010000000474974513, 0.00010000000474974513, 0.00010000000474974513, 1.0000000656873453e-05, 1.0000000656873453e-05, 1.0000000656873453e-05, 1.0000000656873453e-05, 1.0000000656873453e-05, 1.0000000656873453e-05, 1.0000000656873453e-05, 1.0000001111620804e-06, 1.0000001111620804e-06, 1.0000001111620804e-06, 1.0000001111620804e-06, 1.000000082740371e-07, 1.000000082740371e-07, 1.000000082740371e-08]}