{"classification_v2_loss": [0.20006448030471802, 0.0009440074791200459, 0.00256047653965652, 0.003888529958203435, 0.0037986664101481438, 0.005478875711560249, 0.005384413991123438, 0.00542541453614831, 0.004519435111433268, 0.00431065633893013, 0.00525427982211113, 0.0035886296536773443, 0.0038419694174081087, 0.003994982689619064, 0.0028984053060412407, 0.0035386469680815935, 0.0034731889609247446, 0.003412580816075206, 0.003506007604300976, 0.0032081131357699633, 0.0032479192595928907, 0.002867874689400196, 0.0031991552095860243, 0.0032396132592111826, 0.0032601142302155495, 0.003238184377551079, 0.003098456421867013, 0.003082162933424115, 0.003169633448123932, 0.003138228552415967, 0.003322573145851493, 0.0031922676134854555, 0.0032279251608997583, 0.003275668015703559, 0.003258688608184457, 0.0031560829374939203, 0.00324662565253675, 0.003117585787549615, 0.003190276212990284, 0.0032223027665168047, 0.003187543712556362, 0.0031768165063112974, 0.0031444106716662645, 0.0031536873430013657, 0.003313397290185094, 0.0031594345346093178, 0.003196791745722294, 0.0032696400303393602, 0.0032605703454464674, 0.0031452870462089777], "embedding_v2_loss": [1.4831691980361938, 1.1941255331039429, 1.0036457777023315, 0.9254093766212463, 0.832280158996582, 0.7545983195304871, 0.6695177555084229, 0.6115266680717468, 0.5753447413444519, 0.5265321135520935, 0.47015318274497986, 0.45613500475883484, 0.41475602984428406, 0.3785161077976227, 0.3530338704586029, 0.33752739429473877, 0.3515564203262329, 0.34185194969177246, 0.32837730646133423, 0.3202751576900482, 0.3159976005554199, 0.3178814947605133, 0.31853193044662476, 0.3166535794734955, 0.3169727325439453, 0.30790022015571594, 0.31467780470848083, 0.3114539384841919, 0.3202120363712311, 0.3181118369102478, 0.3196750581264496, 0.32926806807518005, 0.3258417546749115, 0.31908294558525085, 0.31616470217704773, 0.32269537448883057, 0.31254008412361145, 0.3108868896961212, 0.3201252222061157, 0.3186502754688263, 0.3262936770915985, 0.3148342967033386, 0.3101617097854614, 0.32185304164886475, 0.3150039613246918, 0.3127981126308441, 0.3281576335430145, 0.2993720769882202, 0.32488393783569336, 0.31483063101768494], "loss": [1.6832337379455566, 1.195069432258606, 1.0062063932418823, 0.9292978644371033, 0.8360788822174072, 0.7600772380828857, 0.6749021410942078, 0.616952121257782, 0.5798642039299011, 0.5308427214622498, 0.47540751099586487, 0.45972371101379395, 0.4185980260372162, 0.382511168718338, 0.35593223571777344, 0.34106603264808655, 0.35502955317497253, 0.3452645540237427, 0.3318833112716675, 0.3234832286834717, 0.31924551725387573, 0.32074931263923645, 0.3217310607433319, 0.3198931813240051, 0.3202328383922577, 0.311138391494751, 0.3177761733531952, 0.31453612446784973, 0.3233816921710968, 0.3212501108646393, 0.3229975998401642, 0.33246031403541565, 0.32906967401504517, 0.3223585784435272, 0.3194233477115631, 0.3258514702320099, 0.3157866299152374, 0.31400448083877563, 0.3233155310153961, 0.3218725919723511, 0.32948118448257446, 0.3180111050605774, 0.31330606341362, 0.3250066936016083, 0.3183174133300781, 0.31595760583877563, 0.33135440945625305, 0.30264171957969666, 0.32814446091651917, 0.3179759681224823], "val_classification_v2_loss": [0.0004506596305873245, 0.00043815793469548225, 0.0028171169105917215, 0.003677832195535302, 0.0037041816394776106, 0.006197924260050058, 0.004198495298624039, 0.0074302381835877895, 0.004090598318725824, 0.008802680298686028, 0.006318859290331602, 0.002464389195665717, 0.002737992210313678, 0.0023190872743725777, 0.0029724258929491043, 0.003289036685600877, 0.002981030149385333, 0.0037909531965851784, 0.0036181684117764235, 0.0035650918725878, 0.0033498601987957954, 0.003040802665054798, 0.003172459313645959, 0.0033428703900426626, 0.003421089146286249, 0.003341039177030325, 0.0033022144343703985, 0.0033182944171130657, 0.003264758503064513, 0.003102379385381937, 0.0033176885917782784, 0.0033558078575879335, 0.003255966817960143, 0.003155031241476536, 0.0032073056790977716, 0.003223160747438669, 0.003211863338947296, 0.003338174894452095, 0.0033094303216785192, 0.0033673897851258516, 0.003390881698578596, 0.003310362808406353, 0.0033273515291512012, 0.0032332695554941893, 0.0033143507316708565, 0.003169669769704342, 0.00328067340888083, 0.0033557729329913855, 0.003286994993686676, 0.003350260201841593], "val_embedding_v2_loss": [1.4973313808441162, 1.4405488967895508, 1.42868971824646, 1.3760429620742798, 1.222720980644226, 1.2663357257843018, 1.051340103149414, 0.8274765610694885, 0.6049028635025024, 0.9084482789039612, 0.47951453924179077, 0.6428500413894653, 0.5425500273704529, 0.6206337809562683, 0.46292391419410706, 0.4128311276435852, 0.43474870920181274, 0.3837187886238098, 0.4271726608276367, 0.3969055116176605, 0.4557679295539856, 0.39719319343566895, 0.3795071840286255, 0.38193419575691223, 0.39336130023002625, 0.37841126322746277, 0.3950808644294739, 0.3981896638870239, 0.39495354890823364, 0.37815240025520325, 0.4075852632522583, 0.37165239453315735, 0.3845555782318115, 0.3695879578590393, 0.344028115272522, 0.35230553150177, 0.3769446313381195, 0.3975629210472107, 0.3704932630062103, 0.37742602825164795, 0.33671239018440247, 0.36690568923950195, 0.37729597091674805, 0.39130091667175293, 0.3927810788154602, 0.3863532245159149, 0.3650633990764618, 0.39816656708717346, 0.35786736011505127, 0.39673295617103577], "val_loss": [1.4977819919586182, 1.44098699092865, 1.4315067529678345, 1.37972092628479, 1.2264251708984375, 1.272533655166626, 1.0555386543273926, 0.834906816482544, 0.608993411064148, 0.9172509908676147, 0.48583343625068665, 0.6453143954277039, 0.5452880263328552, 0.622952938079834, 0.4658963084220886, 0.41612017154693604, 0.43772974610328674, 0.3875097334384918, 0.43079084157943726, 0.4004706144332886, 0.4591177701950073, 0.4002339243888855, 0.38267967104911804, 0.3852770924568176, 0.39678236842155457, 0.38175225257873535, 0.39838308095932007, 0.4015079140663147, 0.3982183337211609, 0.38125476241111755, 0.4109029471874237, 0.375008225440979, 0.387811541557312, 0.37274304032325745, 0.34723541140556335, 0.35552871227264404, 0.3801564872264862, 0.40090110898017883, 0.37380272150039673, 0.38079342246055603, 0.34010329842567444, 0.37021604180336, 0.38062331080436707, 0.394534170627594, 0.3960954546928406, 0.38952288031578064, 0.36834409832954407, 0.40152233839035034, 0.36115431785583496, 0.4000832140445709], "learning_rate": [0.0010000000474974513, 0.0010000000474974513, 0.0010000000474974513, 0.0010000000474974513, 0.0010000000474974513, 0.0010000000474974513, 0.0010000000474974513, 0.0010000000474974513, 0.0010000000474974513, 0.0010000000474974513, 0.0010000000474974513, 0.0010000000474974513, 0.0010000000474974513, 0.0010000000474974513, 0.00010000000474974513, 0.00010000000474974513, 0.00010000000474974513, 0.00010000000474974513, 0.00010000000474974513, 0.00010000000474974513, 0.00010000000474974513, 1.0000000656873453e-05, 1.0000000656873453e-05, 1.0000000656873453e-05, 1.0000000656873453e-05, 1.0000000656873453e-05, 1.0000000656873453e-05, 1.0000000656873453e-05, 1.0000000656873453e-05, 1.0000001111620804e-06, 1.0000001111620804e-06, 1.0000001111620804e-06, 1.0000001111620804e-06, 1.0000001111620804e-06, 1.0000001111620804e-06, 1.0000001111620804e-06, 1.0000001111620804e-06, 1.0000001111620804e-06, 1.000000082740371e-07, 1.000000082740371e-07, 1.000000082740371e-07, 1.000000082740371e-07, 1.000000082740371e-07, 1.000000082740371e-07, 1.000000082740371e-08, 1.000000082740371e-08, 1.000000082740371e-08, 1.000000082740371e-09, 1.000000082740371e-09, 1.000000082740371e-09]}