{"classification_v1_loss": [0.12910456955432892, 8.161663572536781e-05, 0.00036739709321409464, 0.0003285700222477317, 0.0004232723731547594, 0.0006282402318902314, 0.0005812651943415403, 0.0007818628218956292, 0.0007092320010997355, 0.0009752179612405598, 0.0006438966956920922, 0.0009494510013610125, 0.0005792202427983284, 0.0010411586845293641, 0.0008910035830922425, 0.0009170006378553808, 0.0010213173227384686, 0.0011620776494964957, 0.0007983818068169057, 0.0011216282146051526, 0.0010807516518980265, 0.0011134990490972996, 0.0009657759219408035, 0.0009923037141561508, 0.0010382836917415261], "embedding_v1_loss": [0.9967463612556458, 0.8787792325019836, 0.7473480701446533, 0.6688069701194763, 0.6370392441749573, 0.5871207118034363, 0.5585105419158936, 0.5083374381065369, 0.4550938308238983, 0.4169844388961792, 0.3849809467792511, 0.3749109208583832, 0.3593948185443878, 0.3402306139469147, 0.3221442401409149, 0.3031764328479767, 0.2981019616127014, 0.2608652412891388, 0.24890927970409393, 0.25347772240638733, 0.24633103609085083, 0.2455637902021408, 0.2459331601858139, 0.24413512647151947, 0.2382207065820694], "loss": [0.6274777054786682, 0.43947121500968933, 0.3740414083003998, 0.3347320556640625, 0.3189428746700287, 0.29418864846229553, 0.2798365354537964, 0.2549505829811096, 0.22825612127780914, 0.20946742594242096, 0.19313442707061768, 0.18840493261814117, 0.18027664721012115, 0.17115648090839386, 0.16196314990520477, 0.15250520408153534, 0.15007229149341583, 0.131594717502594, 0.12525300681591034, 0.12786047160625458, 0.1242462694644928, 0.12389538437128067, 0.12393233925104141, 0.12305986881256104, 0.120148666203022], "val_classification_v1_loss": [0.00010696853860281408, 4.514550892054103e-05, 0.00011488227755762637, 0.0002616447163745761, 0.00030087120831012726, 0.00030318787321448326, 0.00061093142721802, 0.0004840805195271969, 0.0006532627739943564, 0.0004864963993895799, 0.0003499439626466483, 0.00036729368730448186, 0.0028038350865244865, 0.0014444109983742237, 0.0003506751381792128, 0.00027304544346407056, 0.000370361638488248, 0.00027406547451391816, 0.0006829348276369274, 0.0007348612998612225, 0.0008876848150976002, 0.0007591756293550134, 0.0007246470195241272, 0.0006989326211623847, 0.00072503462433815], "val_embedding_v1_loss": [0.9997415542602539, 0.9725638628005981, 0.9226818680763245, 0.8550994396209717, 0.7410654425621033, 0.6586303114891052, 0.5817005038261414, 0.4747159481048584, 0.42665570974349976, 0.4001404643058777, 0.38753771781921387, 0.37279170751571655, 0.3624488413333893, 0.34711676836013794, 0.30668920278549194, 0.35061368346214294, 0.3755851984024048, 0.2664054036140442, 0.2580629289150238, 0.2266964316368103, 0.2524389326572418, 0.2484632134437561, 0.25420427322387695, 0.24992865324020386, 0.25259503722190857], "val_loss": [0.4999777376651764, 0.4863271117210388, 0.4614558815956116, 0.4278113842010498, 0.37083354592323303, 0.329618364572525, 0.29146116971969604, 0.23784205317497253, 0.21398110687732697, 0.20055672526359558, 0.19411882758140564, 0.18676316738128662, 0.1840282529592514, 0.175002783536911, 0.1536952704191208, 0.17557990550994873, 0.18816295266151428, 0.13347677886486053, 0.12971441447734833, 0.11408308148384094, 0.1271071434020996, 0.12499077618122101, 0.1278267800807953, 0.12566326558589935, 0.12702256441116333], "learning_rate": [0.0010000000474974513, 0.0010000000474974513, 0.0010000000474974513, 0.0010000000474974513, 0.0010000000474974513, 0.0010000000474974513, 0.0010000000474974513, 0.0010000000474974513, 0.0010000000474974513, 0.0010000000474974513, 0.0010000000474974513, 0.0010000000474974513, 0.0010000000474974513, 0.0010000000474974513, 0.0010000000474974513, 0.0010000000474974513, 0.0010000000474974513, 0.00010000000474974513, 0.00010000000474974513, 0.00010000000474974513, 0.00010000000474974513, 0.00010000000474974513, 1.0000000656873453e-05, 1.0000000656873453e-05, 1.0000001111620804e-06]}