{"loss": [27.35765266418457, 25.528396606445312, 25.417631149291992, 25.526411056518555, 26.04484748840332, 27.408803939819336, 25.98566436767578, 25.84128189086914, 25.687387466430664, 25.662824630737305, 25.631574630737305, 25.636150360107422, 25.640039443969727, 25.633060455322266], "val_loss": [33.5528678894043, 25.495988845825195, 25.479345321655273, 25.366792678833008, 25.333620071411133, 26.521642684936523, 25.83479881286621, 25.831722259521484, 25.69463539123535, 25.6732177734375, 25.652196884155273, 25.675573348999023, 25.655292510986328, 25.656570434570312], "learning_rate": [0.0010000000474974513, 0.0010000000474974513, 0.0010000000474974513, 0.0010000000474974513, 0.0010000000474974513, 0.0010000000474974513, 0.0010000000474974513, 0.0010000000474974513, 0.00010000000474974513, 0.00010000000474974513, 0.00010000000474974513, 1.0000000656873453e-05, 1.0000000656873453e-05, 1.0000000656873453e-05]}