{"loss": [68.85601043701172, 50.57682800292969, 44.901702880859375, 41.036800384521484, 37.98656463623047, 34.37181091308594, 31.505470275878906, 30.183103561401367, 31.374860763549805, 29.36559295654297, 26.780967712402344, 29.061880111694336, 28.102294921875, 28.484695434570312, 29.684690475463867, 28.40004539489746, 28.568222045898438, 28.54924964904785, 28.04289436340332], "val_loss": [47.997474670410156, 44.964385986328125, 38.760284423828125, 33.50477600097656, 26.47002601623535, 29.884971618652344, 24.630237579345703, 24.847896575927734, 25.210853576660156, 21.79411506652832, 24.832626342773438, 22.938705444335938, 23.324581146240234, 21.45686912536621, 23.03380012512207, 21.7813663482666, 22.928878784179688, 24.173202514648438, 24.468416213989258], "learning_rate": [0.0010000000474974513, 0.0010000000474974513, 0.0010000000474974513, 0.0010000000474974513, 0.0010000000474974513, 0.0010000000474974513, 0.0010000000474974513, 0.0010000000474974513, 0.0010000000474974513, 0.00010000000474974513, 0.00010000000474974513, 0.00010000000474974513, 1.0000000656873453e-05, 1.0000000656873453e-05, 1.0000000656873453e-05, 1.0000000656873453e-05, 1.0000001111620804e-06, 1.0000001111620804e-06, 1.000000082740371e-07]}